<?xml version="1.0" encoding="UTF-8" ?>

<process-application
  xmlns="http://www.camunda.org/schema/1.0/ProcessApplication"
  xmlns:xsi="http://www.w3.org/2001/XMLSchema-instance">

  <process-archive>
    <process-engine>default</process-engine>
    <resource>invoice.v2.bpmn</resource>
    <resource>invoiceBusinessDecisions.dmn</resource>
    <properties>
      <property name="isDeleteUponUndeploy">false</property>
      <property name="isScanForProcessDefinitions">false</property>
    </properties>
  </process-archive>

</process-application>